country_code,month_end_date,proxy_code,raw_value,paper_proxy_name,source_name,build_status,exact_replication_flag
SWE,2001-12-31,DIV_PREMIUM,0.2831528116152756,DIV_PREMIUM,mart_characteristics_monthly: value-weighted dividend payer premium from D_PAYER and BE_ME,adapted,False
SWE,2002-01-31,DIV_PREMIUM,0.1612835821061409,DIV_PREMIUM,mart_characteristics_monthly: value-weighted dividend payer premium from D_PAYER and BE_ME,adapted,False
SWE,2002-02-28,DIV_PREMIUM,0.12463388411036802,DIV_PREMIUM,mart_characteristics_monthly: value-weighted dividend payer premium from D_PAYER and BE_ME,adapted,False
SWE,2002-03-31,DIV_PREMIUM,0.12068040315439865,DIV_PREMIUM,mart_characteristics_monthly: value-weighted dividend payer premium from D_PAYER and BE_ME,adapted,False
SWE,2002-04-30,DIV_PREMIUM,0.2285086235166517,DIV_PREMIUM,mart_characteristics_monthly: value-weighted dividend payer premium from D_PAYER and BE_ME,adapted,False
SWE,2002-05-31,DIV_PREMIUM,0.14515221550477198,DIV_PREMIUM,mart_characteristics_monthly: value-weighted dividend payer premium from D_PAYER and BE_ME,adapted,False
SWE,2002-06-30,DIV_PREMIUM,0.06401395565156476,DIV_PREMIUM,mart_characteristics_monthly: value-weighted dividend payer premium from D_PAYER and BE_ME,adapted,False
SWE,2002-07-31,DIV_PREMIUM,0.1765005657650508,DIV_PREMIUM,mart_characteristics_monthly: value-weighted dividend payer premium from D_PAYER and BE_ME,adapted,False
SWE,2002-08-31,DIV_PREMIUM,0.16375544873614012,DIV_PREMIUM,mart_characteristics_monthly: value-weighted dividend payer premium from D_PAYER and BE_ME,adapted,False
SWE,2002-09-30,DIV_PREMIUM,0.2651389974402467,DIV_PREMIUM,mart_characteristics_monthly: value-weighted dividend payer premium from D_PAYER and BE_ME,adapted,False
SWE,2002-10-31,DIV_PREMIUM,0.2655147584162042,DIV_PREMIUM,mart_characteristics_monthly: value-weighted dividend payer premium from D_PAYER and BE_ME,adapted,False
SWE,2002-11-30,DIV_PREMIUM,0.228745624531824,DIV_PREMIUM,mart_characteristics_monthly: value-weighted dividend payer premium from D_PAYER and BE_ME,adapted,False
SWE,2002-12-31,DIV_PREMIUM,0.36278797223831255,DIV_PREMIUM,mart_characteristics_monthly: value-weighted dividend payer premium from D_PAYER and BE_ME,adapted,False
SWE,2003-01-31,DIV_PREMIUM,0.4154683974685282,DIV_PREMIUM,mart_characteristics_monthly: value-weighted dividend payer premium from D_PAYER and BE_ME,adapted,False
SWE,2003-02-28,DIV_PREMIUM,0.3683865726736018,DIV_PREMIUM,mart_characteristics_monthly: value-weighted dividend payer premium from D_PAYER and BE_ME,adapted,False
SWE,2003-03-31,DIV_PREMIUM,0.3256144323798236,DIV_PREMIUM,mart_characteristics_monthly: value-weighted dividend payer premium from D_PAYER and BE_ME,adapted,False
SWE,2003-04-30,DIV_PREMIUM,0.18088412585101765,DIV_PREMIUM,mart_characteristics_monthly: value-weighted dividend payer premium from D_PAYER and BE_ME,adapted,False
SWE,2003-05-31,DIV_PREMIUM,0.07919701162707338,DIV_PREMIUM,mart_characteristics_monthly: value-weighted dividend payer premium from D_PAYER and BE_ME,adapted,False
SWE,2003-06-30,DIV_PREMIUM,0.09623462941535121,DIV_PREMIUM,mart_characteristics_monthly: value-weighted dividend payer premium from D_PAYER and BE_ME,adapted,False
SWE,2003-07-31,DIV_PREMIUM,0.0834881878256839,DIV_PREMIUM,mart_characteristics_monthly: value-weighted dividend payer premium from D_PAYER and BE_ME,adapted,False
SWE,2003-08-31,DIV_PREMIUM,0.009666518564491855,DIV_PREMIUM,mart_characteristics_monthly: value-weighted dividend payer premium from D_PAYER and BE_ME,adapted,False
SWE,2003-09-30,DIV_PREMIUM,-0.04251094049938531,DIV_PREMIUM,mart_characteristics_monthly: value-weighted dividend payer premium from D_PAYER and BE_ME,adapted,False
SWE,2003-10-31,DIV_PREMIUM,-0.0251310157925958,DIV_PREMIUM,mart_characteristics_monthly: value-weighted dividend payer premium from D_PAYER and BE_ME,adapted,False
SWE,2003-11-30,DIV_PREMIUM,-0.03429931241952755,DIV_PREMIUM,mart_characteristics_monthly: value-weighted dividend payer premium from D_PAYER and BE_ME,adapted,False
SWE,2003-12-31,DIV_PREMIUM,-0.017139935910185033,DIV_PREMIUM,mart_characteristics_monthly: value-weighted dividend payer premium from D_PAYER and BE_ME,adapted,False
SWE,2004-01-31,DIV_PREMIUM,-0.10259824114551397,DIV_PREMIUM,mart_characteristics_monthly: value-weighted dividend payer premium from D_PAYER and BE_ME,adapted,False
SWE,2004-02-29,DIV_PREMIUM,-0.05758539609348756,DIV_PREMIUM,mart_characteristics_monthly: value-weighted dividend payer premium from D_PAYER and BE_ME,adapted,False
SWE,2004-03-31,DIV_PREMIUM,0.009398844023043917,DIV_PREMIUM,mart_characteristics_monthly: value-weighted dividend payer premium from D_PAYER and BE_ME,adapted,False
SWE,2004-04-30,DIV_PREMIUM,-0.02613544521786504,DIV_PREMIUM,mart_characteristics_monthly: value-weighted dividend payer premium from D_PAYER and BE_ME,adapted,False
SWE,2004-05-31,DIV_PREMIUM,-0.12708863600723297,DIV_PREMIUM,mart_characteristics_monthly: value-weighted dividend payer premium from D_PAYER and BE_ME,adapted,False
SWE,2004-06-30,DIV_PREMIUM,-0.06742672122966642,DIV_PREMIUM,mart_characteristics_monthly: value-weighted dividend payer premium from D_PAYER and BE_ME,adapted,False
SWE,2004-07-31,DIV_PREMIUM,-0.04872463416298889,DIV_PREMIUM,mart_characteristics_monthly: value-weighted dividend payer premium from D_PAYER and BE_ME,adapted,False
SWE,2004-08-31,DIV_PREMIUM,0.06184967971653177,DIV_PREMIUM,mart_characteristics_monthly: value-weighted dividend payer premium from D_PAYER and BE_ME,adapted,False
SWE,2004-09-30,DIV_PREMIUM,0.08819386745642999,DIV_PREMIUM,mart_characteristics_monthly: value-weighted dividend payer premium from D_PAYER and BE_ME,adapted,False
SWE,2004-10-31,DIV_PREMIUM,0.053677658177326615,DIV_PREMIUM,mart_characteristics_monthly: value-weighted dividend payer premium from D_PAYER and BE_ME,adapted,False
SWE,2004-11-30,DIV_PREMIUM,0.1117231525731639,DIV_PREMIUM,mart_characteristics_monthly: value-weighted dividend payer premium from D_PAYER and BE_ME,adapted,False
SWE,2004-12-31,DIV_PREMIUM,0.1746237855637215,DIV_PREMIUM,mart_characteristics_monthly: value-weighted dividend payer premium from D_PAYER and BE_ME,adapted,False
SWE,2005-01-31,DIV_PREMIUM,0.1175408367555767,DIV_PREMIUM,mart_characteristics_monthly: value-weighted dividend payer premium from D_PAYER and BE_ME,adapted,False
SWE,2005-02-28,DIV_PREMIUM,-0.00018957737751446047,DIV_PREMIUM,mart_characteristics_monthly: value-weighted dividend payer premium from D_PAYER and BE_ME,adapted,False
SWE,2005-03-31,DIV_PREMIUM,-0.09556575319698979,DIV_PREMIUM,mart_characteristics_monthly: value-weighted dividend payer premium from D_PAYER and BE_ME,adapted,False
SWE,2005-04-30,DIV_PREMIUM,-0.04571500790246241,DIV_PREMIUM,mart_characteristics_monthly: value-weighted dividend payer premium from D_PAYER and BE_ME,adapted,False
SWE,2005-05-31,DIV_PREMIUM,-0.07571922720844726,DIV_PREMIUM,mart_characteristics_monthly: value-weighted dividend payer premium from D_PAYER and BE_ME,adapted,False
SWE,2005-06-30,DIV_PREMIUM,-0.19823205696016433,DIV_PREMIUM,mart_characteristics_monthly: value-weighted dividend payer premium from D_PAYER and BE_ME,adapted,False
SWE,2005-07-31,DIV_PREMIUM,-0.2689474433915495,DIV_PREMIUM,mart_characteristics_monthly: value-weighted dividend payer premium from D_PAYER and BE_ME,adapted,False
SWE,2005-08-31,DIV_PREMIUM,-0.3544196786031839,DIV_PREMIUM,mart_characteristics_monthly: value-weighted dividend payer premium from D_PAYER and BE_ME,adapted,False
SWE,2005-09-30,DIV_PREMIUM,-0.26261460282978377,DIV_PREMIUM,mart_characteristics_monthly: value-weighted dividend payer premium from D_PAYER and BE_ME,adapted,False
SWE,2005-10-31,DIV_PREMIUM,-0.2425074121029842,DIV_PREMIUM,mart_characteristics_monthly: value-weighted dividend payer premium from D_PAYER and BE_ME,adapted,False
SWE,2005-11-30,DIV_PREMIUM,-0.2926360315507488,DIV_PREMIUM,mart_characteristics_monthly: value-weighted dividend payer premium from D_PAYER and BE_ME,adapted,False
SWE,2005-12-31,DIV_PREMIUM,-0.3029740834695005,DIV_PREMIUM,mart_characteristics_monthly: value-weighted dividend payer premium from D_PAYER and BE_ME,adapted,False
SWE,2006-01-31,DIV_PREMIUM,-0.3652318065549489,DIV_PREMIUM,mart_characteristics_monthly: value-weighted dividend payer premium from D_PAYER and BE_ME,adapted,False
SWE,2006-02-28,DIV_PREMIUM,-0.2955805192065022,DIV_PREMIUM,mart_characteristics_monthly: value-weighted dividend payer premium from D_PAYER and BE_ME,adapted,False
SWE,2006-03-31,DIV_PREMIUM,-0.3210056189460615,DIV_PREMIUM,mart_characteristics_monthly: value-weighted dividend payer premium from D_PAYER and BE_ME,adapted,False
SWE,2006-04-30,DIV_PREMIUM,-0.36852794461877547,DIV_PREMIUM,mart_characteristics_monthly: value-weighted dividend payer premium from D_PAYER and BE_ME,adapted,False
SWE,2006-05-31,DIV_PREMIUM,-0.1808679383860674,DIV_PREMIUM,mart_characteristics_monthly: value-weighted dividend payer premium from D_PAYER and BE_ME,adapted,False
SWE,2006-06-30,DIV_PREMIUM,-0.15835090197269253,DIV_PREMIUM,mart_characteristics_monthly: value-weighted dividend payer premium from D_PAYER and BE_ME,adapted,False
SWE,2006-07-31,DIV_PREMIUM,-0.21188215996140858,DIV_PREMIUM,mart_characteristics_monthly: value-weighted dividend payer premium from D_PAYER and BE_ME,adapted,False
SWE,2006-08-31,DIV_PREMIUM,-0.13407165415922528,DIV_PREMIUM,mart_characteristics_monthly: value-weighted dividend payer premium from D_PAYER and BE_ME,adapted,False
SWE,2006-09-30,DIV_PREMIUM,-0.2026032388478647,DIV_PREMIUM,mart_characteristics_monthly: value-weighted dividend payer premium from D_PAYER and BE_ME,adapted,False
SWE,2006-10-31,DIV_PREMIUM,-0.11326702752690743,DIV_PREMIUM,mart_characteristics_monthly: value-weighted dividend payer premium from D_PAYER and BE_ME,adapted,False
SWE,2006-11-30,DIV_PREMIUM,-0.19524116957676463,DIV_PREMIUM,mart_characteristics_monthly: value-weighted dividend payer premium from D_PAYER and BE_ME,adapted,False
SWE,2006-12-31,DIV_PREMIUM,-0.2107074328479297,DIV_PREMIUM,mart_characteristics_monthly: value-weighted dividend payer premium from D_PAYER and BE_ME,adapted,False
SWE,2007-01-31,DIV_PREMIUM,-0.13493554030142696,DIV_PREMIUM,mart_characteristics_monthly: value-weighted dividend payer premium from D_PAYER and BE_ME,adapted,False
SWE,2007-02-28,DIV_PREMIUM,-0.10000391166072764,DIV_PREMIUM,mart_characteristics_monthly: value-weighted dividend payer premium from D_PAYER and BE_ME,adapted,False
SWE,2007-03-31,DIV_PREMIUM,-0.11223095153766205,DIV_PREMIUM,mart_characteristics_monthly: value-weighted dividend payer premium from D_PAYER and BE_ME,adapted,False
SWE,2007-04-30,DIV_PREMIUM,-0.1473868962970375,DIV_PREMIUM,mart_characteristics_monthly: value-weighted dividend payer premium from D_PAYER and BE_ME,adapted,False
SWE,2007-05-31,DIV_PREMIUM,-0.19521325494719877,DIV_PREMIUM,mart_characteristics_monthly: value-weighted dividend payer premium from D_PAYER and BE_ME,adapted,False
SWE,2007-06-30,DIV_PREMIUM,-0.16313946793523226,DIV_PREMIUM,mart_characteristics_monthly: value-weighted dividend payer premium from D_PAYER and BE_ME,adapted,False
SWE,2007-07-31,DIV_PREMIUM,-0.12344389339563322,DIV_PREMIUM,mart_characteristics_monthly: value-weighted dividend payer premium from D_PAYER and BE_ME,adapted,False
SWE,2007-08-31,DIV_PREMIUM,0.04488686422014565,DIV_PREMIUM,mart_characteristics_monthly: value-weighted dividend payer premium from D_PAYER and BE_ME,adapted,False
SWE,2007-09-30,DIV_PREMIUM,0.17523657744521182,DIV_PREMIUM,mart_characteristics_monthly: value-weighted dividend payer premium from D_PAYER and BE_ME,adapted,False
SWE,2007-10-31,DIV_PREMIUM,0.1677622052598846,DIV_PREMIUM,mart_characteristics_monthly: value-weighted dividend payer premium from D_PAYER and BE_ME,adapted,False
SWE,2007-11-30,DIV_PREMIUM,0.18140192344572958,DIV_PREMIUM,mart_characteristics_monthly: value-weighted dividend payer premium from D_PAYER and BE_ME,adapted,False
SWE,2007-12-31,DIV_PREMIUM,0.22804148506810207,DIV_PREMIUM,mart_characteristics_monthly: value-weighted dividend payer premium from D_PAYER and BE_ME,adapted,False
SWE,2008-01-31,DIV_PREMIUM,0.15379487542727732,DIV_PREMIUM,mart_characteristics_monthly: value-weighted dividend payer premium from D_PAYER and BE_ME,adapted,False
SWE,2008-02-29,DIV_PREMIUM,0.14994674701412491,DIV_PREMIUM,mart_characteristics_monthly: value-weighted dividend payer premium from D_PAYER and BE_ME,adapted,False
SWE,2008-03-31,DIV_PREMIUM,0.037275675590270785,DIV_PREMIUM,mart_characteristics_monthly: value-weighted dividend payer premium from D_PAYER and BE_ME,adapted,False
SWE,2008-04-30,DIV_PREMIUM,-0.009754313180260876,DIV_PREMIUM,mart_characteristics_monthly: value-weighted dividend payer premium from D_PAYER and BE_ME,adapted,False
SWE,2008-05-31,DIV_PREMIUM,-1.231874700925156,DIV_PREMIUM,mart_characteristics_monthly: value-weighted dividend payer premium from D_PAYER and BE_ME,adapted,False
SWE,2008-06-30,DIV_PREMIUM,-0.6328034714514541,DIV_PREMIUM,mart_characteristics_monthly: value-weighted dividend payer premium from D_PAYER and BE_ME,adapted,False
SWE,2008-07-31,DIV_PREMIUM,-0.5158695603166036,DIV_PREMIUM,mart_characteristics_monthly: value-weighted dividend payer premium from D_PAYER and BE_ME,adapted,False
SWE,2008-08-31,DIV_PREMIUM,-0.5674798713068547,DIV_PREMIUM,mart_characteristics_monthly: value-weighted dividend payer premium from D_PAYER and BE_ME,adapted,False
SWE,2008-09-30,DIV_PREMIUM,-0.3410446595732374,DIV_PREMIUM,mart_characteristics_monthly: value-weighted dividend payer premium from D_PAYER and BE_ME,adapted,False
SWE,2008-10-31,DIV_PREMIUM,-0.28673061390260224,DIV_PREMIUM,mart_characteristics_monthly: value-weighted dividend payer premium from D_PAYER and BE_ME,adapted,False
SWE,2008-11-30,DIV_PREMIUM,0.06897673627945289,DIV_PREMIUM,mart_characteristics_monthly: value-weighted dividend payer premium from D_PAYER and BE_ME,adapted,False
SWE,2008-12-31,DIV_PREMIUM,0.06656784253270442,DIV_PREMIUM,mart_characteristics_monthly: value-weighted dividend payer premium from D_PAYER and BE_ME,adapted,False
SWE,2009-01-31,DIV_PREMIUM,0.04959380909022948,DIV_PREMIUM,mart_characteristics_monthly: value-weighted dividend payer premium from D_PAYER and BE_ME,adapted,False
SWE,2009-02-28,DIV_PREMIUM,0.009810766056358444,DIV_PREMIUM,mart_characteristics_monthly: value-weighted dividend payer premium from D_PAYER and BE_ME,adapted,False
SWE,2009-03-31,DIV_PREMIUM,-0.10366008276317773,DIV_PREMIUM,mart_characteristics_monthly: value-weighted dividend payer premium from D_PAYER and BE_ME,adapted,False
SWE,2009-04-30,DIV_PREMIUM,-0.5177813573919722,DIV_PREMIUM,mart_characteristics_monthly: value-weighted dividend payer premium from D_PAYER and BE_ME,adapted,False
SWE,2009-05-31,DIV_PREMIUM,-0.9040573167341116,DIV_PREMIUM,mart_characteristics_monthly: value-weighted dividend payer premium from D_PAYER and BE_ME,adapted,False
SWE,2009-06-30,DIV_PREMIUM,-0.8025945514159658,DIV_PREMIUM,mart_characteristics_monthly: value-weighted dividend payer premium from D_PAYER and BE_ME,adapted,False
SWE,2009-07-31,DIV_PREMIUM,-0.6914297015372477,DIV_PREMIUM,mart_characteristics_monthly: value-weighted dividend payer premium from D_PAYER and BE_ME,adapted,False
SWE,2009-08-31,DIV_PREMIUM,-0.5680929128988712,DIV_PREMIUM,mart_characteristics_monthly: value-weighted dividend payer premium from D_PAYER and BE_ME,adapted,False
SWE,2009-09-30,DIV_PREMIUM,-0.3129350024459132,DIV_PREMIUM,mart_characteristics_monthly: value-weighted dividend payer premium from D_PAYER and BE_ME,adapted,False
SWE,2009-10-31,DIV_PREMIUM,-0.3179641315094075,DIV_PREMIUM,mart_characteristics_monthly: value-weighted dividend payer premium from D_PAYER and BE_ME,adapted,False
SWE,2009-11-30,DIV_PREMIUM,-0.3201624114969961,DIV_PREMIUM,mart_characteristics_monthly: value-weighted dividend payer premium from D_PAYER and BE_ME,adapted,False
SWE,2009-12-31,DIV_PREMIUM,-0.42776381422555043,DIV_PREMIUM,mart_characteristics_monthly: value-weighted dividend payer premium from D_PAYER and BE_ME,adapted,False
SWE,2010-01-31,DIV_PREMIUM,-0.5540979561216972,DIV_PREMIUM,mart_characteristics_monthly: value-weighted dividend payer premium from D_PAYER and BE_ME,adapted,False
SWE,2010-02-28,DIV_PREMIUM,-0.38464911186153894,DIV_PREMIUM,mart_characteristics_monthly: value-weighted dividend payer premium from D_PAYER and BE_ME,adapted,False
SWE,2010-03-31,DIV_PREMIUM,-0.4631246233228088,DIV_PREMIUM,mart_characteristics_monthly: value-weighted dividend payer premium from D_PAYER and BE_ME,adapted,False
SWE,2010-04-30,DIV_PREMIUM,-0.5885793392185994,DIV_PREMIUM,mart_characteristics_monthly: value-weighted dividend payer premium from D_PAYER and BE_ME,adapted,False
SWE,2010-05-31,DIV_PREMIUM,-0.7552014793104878,DIV_PREMIUM,mart_characteristics_monthly: value-weighted dividend payer premium from D_PAYER and BE_ME,adapted,False
SWE,2010-06-30,DIV_PREMIUM,-0.5444127384189319,DIV_PREMIUM,mart_characteristics_monthly: value-weighted dividend payer premium from D_PAYER and BE_ME,adapted,False
SWE,2010-07-31,DIV_PREMIUM,-0.446707202752068,DIV_PREMIUM,mart_characteristics_monthly: value-weighted dividend payer premium from D_PAYER and BE_ME,adapted,False
SWE,2010-08-31,DIV_PREMIUM,-0.2940012048450067,DIV_PREMIUM,mart_characteristics_monthly: value-weighted dividend payer premium from D_PAYER and BE_ME,adapted,False
SWE,2010-09-30,DIV_PREMIUM,-0.48352536968150184,DIV_PREMIUM,mart_characteristics_monthly: value-weighted dividend payer premium from D_PAYER and BE_ME,adapted,False
SWE,2010-10-31,DIV_PREMIUM,-0.6709738903191567,DIV_PREMIUM,mart_characteristics_monthly: value-weighted dividend payer premium from D_PAYER and BE_ME,adapted,False
SWE,2010-11-30,DIV_PREMIUM,-0.6293392211467579,DIV_PREMIUM,mart_characteristics_monthly: value-weighted dividend payer premium from D_PAYER and BE_ME,adapted,False
SWE,2010-12-31,DIV_PREMIUM,-0.7583823968727004,DIV_PREMIUM,mart_characteristics_monthly: value-weighted dividend payer premium from D_PAYER and BE_ME,adapted,False
SWE,2011-01-31,DIV_PREMIUM,-0.7081665998542361,DIV_PREMIUM,mart_characteristics_monthly: value-weighted dividend payer premium from D_PAYER and BE_ME,adapted,False
SWE,2011-02-28,DIV_PREMIUM,-0.789785637805011,DIV_PREMIUM,mart_characteristics_monthly: value-weighted dividend payer premium from D_PAYER and BE_ME,adapted,False
SWE,2011-03-31,DIV_PREMIUM,-0.9173863526931909,DIV_PREMIUM,mart_characteristics_monthly: value-weighted dividend payer premium from D_PAYER and BE_ME,adapted,False
SWE,2011-04-30,DIV_PREMIUM,-0.8153250533313383,DIV_PREMIUM,mart_characteristics_monthly: value-weighted dividend payer premium from D_PAYER and BE_ME,adapted,False
SWE,2011-05-31,DIV_PREMIUM,-1.1294530176686648,DIV_PREMIUM,mart_characteristics_monthly: value-weighted dividend payer premium from D_PAYER and BE_ME,adapted,False
SWE,2011-06-30,DIV_PREMIUM,-1.0155111472302032,DIV_PREMIUM,mart_characteristics_monthly: value-weighted dividend payer premium from D_PAYER and BE_ME,adapted,False
SWE,2011-07-31,DIV_PREMIUM,-1.0106745719949197,DIV_PREMIUM,mart_characteristics_monthly: value-weighted dividend payer premium from D_PAYER and BE_ME,adapted,False
SWE,2011-08-31,DIV_PREMIUM,-1.229652025403675,DIV_PREMIUM,mart_characteristics_monthly: value-weighted dividend payer premium from D_PAYER and BE_ME,adapted,False
SWE,2011-09-30,DIV_PREMIUM,-1.7371063792966894,DIV_PREMIUM,mart_characteristics_monthly: value-weighted dividend payer premium from D_PAYER and BE_ME,adapted,False
SWE,2011-10-31,DIV_PREMIUM,-2.0776489972195864,DIV_PREMIUM,mart_characteristics_monthly: value-weighted dividend payer premium from D_PAYER and BE_ME,adapted,False
SWE,2011-11-30,DIV_PREMIUM,-1.8331507760376669,DIV_PREMIUM,mart_characteristics_monthly: value-weighted dividend payer premium from D_PAYER and BE_ME,adapted,False
SWE,2011-12-31,DIV_PREMIUM,-2.123960378510373,DIV_PREMIUM,mart_characteristics_monthly: value-weighted dividend payer premium from D_PAYER and BE_ME,adapted,False
SWE,2012-01-31,DIV_PREMIUM,-1.9309998989288892,DIV_PREMIUM,mart_characteristics_monthly: value-weighted dividend payer premium from D_PAYER and BE_ME,adapted,False
SWE,2012-02-29,DIV_PREMIUM,-1.915357663687668,DIV_PREMIUM,mart_characteristics_monthly: value-weighted dividend payer premium from D_PAYER and BE_ME,adapted,False
SWE,2012-03-31,DIV_PREMIUM,-1.8145232074973403,DIV_PREMIUM,mart_characteristics_monthly: value-weighted dividend payer premium from D_PAYER and BE_ME,adapted,False
SWE,2012-04-30,DIV_PREMIUM,-1.82540835350045,DIV_PREMIUM,mart_characteristics_monthly: value-weighted dividend payer premium from D_PAYER and BE_ME,adapted,False
SWE,2012-05-31,DIV_PREMIUM,-1.9145984498691777,DIV_PREMIUM,mart_characteristics_monthly: value-weighted dividend payer premium from D_PAYER and BE_ME,adapted,False
SWE,2012-06-30,DIV_PREMIUM,-1.8841549051588067,DIV_PREMIUM,mart_characteristics_monthly: value-weighted dividend payer premium from D_PAYER and BE_ME,adapted,False
SWE,2012-07-31,DIV_PREMIUM,-1.9171465555021068,DIV_PREMIUM,mart_characteristics_monthly: value-weighted dividend payer premium from D_PAYER and BE_ME,adapted,False
SWE,2012-08-31,DIV_PREMIUM,-1.9625595225991708,DIV_PREMIUM,mart_characteristics_monthly: value-weighted dividend payer premium from D_PAYER and BE_ME,adapted,False
SWE,2012-09-30,DIV_PREMIUM,-1.744141037747917,DIV_PREMIUM,mart_characteristics_monthly: value-weighted dividend payer premium from D_PAYER and BE_ME,adapted,False
SWE,2012-10-31,DIV_PREMIUM,-1.74654975613007,DIV_PREMIUM,mart_characteristics_monthly: value-weighted dividend payer premium from D_PAYER and BE_ME,adapted,False
SWE,2012-11-30,DIV_PREMIUM,-1.5714794303947466,DIV_PREMIUM,mart_characteristics_monthly: value-weighted dividend payer premium from D_PAYER and BE_ME,adapted,False
SWE,2012-12-31,DIV_PREMIUM,-1.4944959293412852,DIV_PREMIUM,mart_characteristics_monthly: value-weighted dividend payer premium from D_PAYER and BE_ME,adapted,False
SWE,2013-01-31,DIV_PREMIUM,-1.6460707151493423,DIV_PREMIUM,mart_characteristics_monthly: value-weighted dividend payer premium from D_PAYER and BE_ME,adapted,False
SWE,2013-02-28,DIV_PREMIUM,-1.5714713747468385,DIV_PREMIUM,mart_characteristics_monthly: value-weighted dividend payer premium from D_PAYER and BE_ME,adapted,False
SWE,2013-03-31,DIV_PREMIUM,-1.6292817765001468,DIV_PREMIUM,mart_characteristics_monthly: value-weighted dividend payer premium from D_PAYER and BE_ME,adapted,False
SWE,2013-04-30,DIV_PREMIUM,-1.7661687744709786,DIV_PREMIUM,mart_characteristics_monthly: value-weighted dividend payer premium from D_PAYER and BE_ME,adapted,False
SWE,2013-05-31,DIV_PREMIUM,-1.3983516431956744,DIV_PREMIUM,mart_characteristics_monthly: value-weighted dividend payer premium from D_PAYER and BE_ME,adapted,False
SWE,2013-06-30,DIV_PREMIUM,-1.674482462756133,DIV_PREMIUM,mart_characteristics_monthly: value-weighted dividend payer premium from D_PAYER and BE_ME,adapted,False
SWE,2013-07-31,DIV_PREMIUM,-1.5901898774379217,DIV_PREMIUM,mart_characteristics_monthly: value-weighted dividend payer premium from D_PAYER and BE_ME,adapted,False
SWE,2013-08-31,DIV_PREMIUM,-1.4999954842302357,DIV_PREMIUM,mart_characteristics_monthly: value-weighted dividend payer premium from D_PAYER and BE_ME,adapted,False
SWE,2013-09-30,DIV_PREMIUM,-1.5010545331163268,DIV_PREMIUM,mart_characteristics_monthly: value-weighted dividend payer premium from D_PAYER and BE_ME,adapted,False
SWE,2013-10-31,DIV_PREMIUM,-1.4255710645765345,DIV_PREMIUM,mart_characteristics_monthly: value-weighted dividend payer premium from D_PAYER and BE_ME,adapted,False
SWE,2013-11-30,DIV_PREMIUM,-1.3885774274443317,DIV_PREMIUM,mart_characteristics_monthly: value-weighted dividend payer premium from D_PAYER and BE_ME,adapted,False
SWE,2013-12-31,DIV_PREMIUM,-1.2594972983125323,DIV_PREMIUM,mart_characteristics_monthly: value-weighted dividend payer premium from D_PAYER and BE_ME,adapted,False
SWE,2014-01-31,DIV_PREMIUM,-1.2867253752123398,DIV_PREMIUM,mart_characteristics_monthly: value-weighted dividend payer premium from D_PAYER and BE_ME,adapted,False
SWE,2014-02-28,DIV_PREMIUM,-1.3416501935161307,DIV_PREMIUM,mart_characteristics_monthly: value-weighted dividend payer premium from D_PAYER and BE_ME,adapted,False
SWE,2014-03-31,DIV_PREMIUM,-1.4542678952904045,DIV_PREMIUM,mart_characteristics_monthly: value-weighted dividend payer premium from D_PAYER and BE_ME,adapted,False
SWE,2014-04-30,DIV_PREMIUM,-1.5165161884394198,DIV_PREMIUM,mart_characteristics_monthly: value-weighted dividend payer premium from D_PAYER and BE_ME,adapted,False
SWE,2014-05-31,DIV_PREMIUM,-1.3957968482985617,DIV_PREMIUM,mart_characteristics_monthly: value-weighted dividend payer premium from D_PAYER and BE_ME,adapted,False
SWE,2014-06-30,DIV_PREMIUM,-1.3207997536557847,DIV_PREMIUM,mart_characteristics_monthly: value-weighted dividend payer premium from D_PAYER and BE_ME,adapted,False
SWE,2014-07-31,DIV_PREMIUM,-1.2067007208002303,DIV_PREMIUM,mart_characteristics_monthly: value-weighted dividend payer premium from D_PAYER and BE_ME,adapted,False
SWE,2014-08-31,DIV_PREMIUM,-1.2992589591724228,DIV_PREMIUM,mart_characteristics_monthly: value-weighted dividend payer premium from D_PAYER and BE_ME,adapted,False
SWE,2014-09-30,DIV_PREMIUM,-1.2444618733353763,DIV_PREMIUM,mart_characteristics_monthly: value-weighted dividend payer premium from D_PAYER and BE_ME,adapted,False
SWE,2014-10-31,DIV_PREMIUM,-1.0253337512467882,DIV_PREMIUM,mart_characteristics_monthly: value-weighted dividend payer premium from D_PAYER and BE_ME,adapted,False
SWE,2014-11-30,DIV_PREMIUM,-0.8907946217741416,DIV_PREMIUM,mart_characteristics_monthly: value-weighted dividend payer premium from D_PAYER and BE_ME,adapted,False
SWE,2014-12-31,DIV_PREMIUM,-0.8832130234376185,DIV_PREMIUM,mart_characteristics_monthly: value-weighted dividend payer premium from D_PAYER and BE_ME,adapted,False
SWE,2015-01-31,DIV_PREMIUM,-0.9117873506320495,DIV_PREMIUM,mart_characteristics_monthly: value-weighted dividend payer premium from D_PAYER and BE_ME,adapted,False
SWE,2015-02-28,DIV_PREMIUM,-0.9249799186506942,DIV_PREMIUM,mart_characteristics_monthly: value-weighted dividend payer premium from D_PAYER and BE_ME,adapted,False
SWE,2015-03-31,DIV_PREMIUM,-0.8879928923513374,DIV_PREMIUM,mart_characteristics_monthly: value-weighted dividend payer premium from D_PAYER and BE_ME,adapted,False
SWE,2015-04-30,DIV_PREMIUM,-0.9515305209519564,DIV_PREMIUM,mart_characteristics_monthly: value-weighted dividend payer premium from D_PAYER and BE_ME,adapted,False
SWE,2015-05-31,DIV_PREMIUM,-1.0672047047798072,DIV_PREMIUM,mart_characteristics_monthly: value-weighted dividend payer premium from D_PAYER and BE_ME,adapted,False
SWE,2015-06-30,DIV_PREMIUM,-1.132204323940791,DIV_PREMIUM,mart_characteristics_monthly: value-weighted dividend payer premium from D_PAYER and BE_ME,adapted,False
SWE,2015-07-31,DIV_PREMIUM,-1.1771237573360611,DIV_PREMIUM,mart_characteristics_monthly: value-weighted dividend payer premium from D_PAYER and BE_ME,adapted,False
SWE,2015-08-31,DIV_PREMIUM,-1.186699337436359,DIV_PREMIUM,mart_characteristics_monthly: value-weighted dividend payer premium from D_PAYER and BE_ME,adapted,False
SWE,2015-09-30,DIV_PREMIUM,-1.4595283707294402,DIV_PREMIUM,mart_characteristics_monthly: value-weighted dividend payer premium from D_PAYER and BE_ME,adapted,False
SWE,2015-10-31,DIV_PREMIUM,-1.6077178522280233,DIV_PREMIUM,mart_characteristics_monthly: value-weighted dividend payer premium from D_PAYER and BE_ME,adapted,False
SWE,2015-11-30,DIV_PREMIUM,-1.5361521587783138,DIV_PREMIUM,mart_characteristics_monthly: value-weighted dividend payer premium from D_PAYER and BE_ME,adapted,False
SWE,2015-12-31,DIV_PREMIUM,-1.5335477538984157,DIV_PREMIUM,mart_characteristics_monthly: value-weighted dividend payer premium from D_PAYER and BE_ME,adapted,False
SWE,2016-01-31,DIV_PREMIUM,-1.424421872794368,DIV_PREMIUM,mart_characteristics_monthly: value-weighted dividend payer premium from D_PAYER and BE_ME,adapted,False
SWE,2016-02-29,DIV_PREMIUM,-1.2956253168140013,DIV_PREMIUM,mart_characteristics_monthly: value-weighted dividend payer premium from D_PAYER and BE_ME,adapted,False
SWE,2016-03-31,DIV_PREMIUM,-1.5169016534538386,DIV_PREMIUM,mart_characteristics_monthly: value-weighted dividend payer premium from D_PAYER and BE_ME,adapted,False
SWE,2016-04-30,DIV_PREMIUM,-0.5560407592803192,DIV_PREMIUM,mart_characteristics_monthly: value-weighted dividend payer premium from D_PAYER and BE_ME,adapted,False
SWE,2016-05-31,DIV_PREMIUM,-0.7146703667400465,DIV_PREMIUM,mart_characteristics_monthly: value-weighted dividend payer premium from D_PAYER and BE_ME,adapted,False
SWE,2016-06-30,DIV_PREMIUM,-0.43951630919842,DIV_PREMIUM,mart_characteristics_monthly: value-weighted dividend payer premium from D_PAYER and BE_ME,adapted,False
SWE,2016-07-31,DIV_PREMIUM,-0.5989094701450266,DIV_PREMIUM,mart_characteristics_monthly: value-weighted dividend payer premium from D_PAYER and BE_ME,adapted,False
SWE,2016-08-31,DIV_PREMIUM,-1.2439286070273936,DIV_PREMIUM,mart_characteristics_monthly: value-weighted dividend payer premium from D_PAYER and BE_ME,adapted,False
SWE,2016-09-30,DIV_PREMIUM,-1.2106043158039248,DIV_PREMIUM,mart_characteristics_monthly: value-weighted dividend payer premium from D_PAYER and BE_ME,adapted,False
SWE,2016-10-31,DIV_PREMIUM,-1.9048481096360372,DIV_PREMIUM,mart_characteristics_monthly: value-weighted dividend payer premium from D_PAYER and BE_ME,adapted,False
SWE,2016-11-30,DIV_PREMIUM,-1.9504185225668296,DIV_PREMIUM,mart_characteristics_monthly: value-weighted dividend payer premium from D_PAYER and BE_ME,adapted,False
SWE,2016-12-31,DIV_PREMIUM,-2.107495543911317,DIV_PREMIUM,mart_characteristics_monthly: value-weighted dividend payer premium from D_PAYER and BE_ME,adapted,False
SWE,2017-01-31,DIV_PREMIUM,-1.92289310138861,DIV_PREMIUM,mart_characteristics_monthly: value-weighted dividend payer premium from D_PAYER and BE_ME,adapted,False
SWE,2017-02-28,DIV_PREMIUM,-1.7517135678843931,DIV_PREMIUM,mart_characteristics_monthly: value-weighted dividend payer premium from D_PAYER and BE_ME,adapted,False
SWE,2017-03-31,DIV_PREMIUM,-1.6582149910983874,DIV_PREMIUM,mart_characteristics_monthly: value-weighted dividend payer premium from D_PAYER and BE_ME,adapted,False
SWE,2017-04-30,DIV_PREMIUM,-0.6101205216689962,DIV_PREMIUM,mart_characteristics_monthly: value-weighted dividend payer premium from D_PAYER and BE_ME,adapted,False
SWE,2017-05-31,DIV_PREMIUM,-0.5202559216620719,DIV_PREMIUM,mart_characteristics_monthly: value-weighted dividend payer premium from D_PAYER and BE_ME,adapted,False
SWE,2017-06-30,DIV_PREMIUM,-0.29775201443478894,DIV_PREMIUM,mart_characteristics_monthly: value-weighted dividend payer premium from D_PAYER and BE_ME,adapted,False
SWE,2017-07-31,DIV_PREMIUM,-0.24223485198826067,DIV_PREMIUM,mart_characteristics_monthly: value-weighted dividend payer premium from D_PAYER and BE_ME,adapted,False
SWE,2017-08-31,DIV_PREMIUM,-0.15956533413597174,DIV_PREMIUM,mart_characteristics_monthly: value-weighted dividend payer premium from D_PAYER and BE_ME,adapted,False
SWE,2017-09-30,DIV_PREMIUM,-0.2249270609823284,DIV_PREMIUM,mart_characteristics_monthly: value-weighted dividend payer premium from D_PAYER and BE_ME,adapted,False
SWE,2017-10-31,DIV_PREMIUM,-0.16477100125378796,DIV_PREMIUM,mart_characteristics_monthly: value-weighted dividend payer premium from D_PAYER and BE_ME,adapted,False
SWE,2017-11-30,DIV_PREMIUM,-0.26018723947599676,DIV_PREMIUM,mart_characteristics_monthly: value-weighted dividend payer premium from D_PAYER and BE_ME,adapted,False
SWE,2017-12-31,DIV_PREMIUM,-0.2981976316986241,DIV_PREMIUM,mart_characteristics_monthly: value-weighted dividend payer premium from D_PAYER and BE_ME,adapted,False
SWE,2018-01-31,DIV_PREMIUM,-0.4058087204806362,DIV_PREMIUM,mart_characteristics_monthly: value-weighted dividend payer premium from D_PAYER and BE_ME,adapted,False
SWE,2018-02-28,DIV_PREMIUM,-0.2838536726159637,DIV_PREMIUM,mart_characteristics_monthly: value-weighted dividend payer premium from D_PAYER and BE_ME,adapted,False
SWE,2018-03-31,DIV_PREMIUM,-0.379490928594324,DIV_PREMIUM,mart_characteristics_monthly: value-weighted dividend payer premium from D_PAYER and BE_ME,adapted,False
SWE,2018-04-30,DIV_PREMIUM,-0.35449461657741943,DIV_PREMIUM,mart_characteristics_monthly: value-weighted dividend payer premium from D_PAYER and BE_ME,adapted,False
SWE,2018-05-31,DIV_PREMIUM,-0.48181675583991,DIV_PREMIUM,mart_characteristics_monthly: value-weighted dividend payer premium from D_PAYER and BE_ME,adapted,False
SWE,2018-06-30,DIV_PREMIUM,-0.4308938841558352,DIV_PREMIUM,mart_characteristics_monthly: value-weighted dividend payer premium from D_PAYER and BE_ME,adapted,False
SWE,2018-07-31,DIV_PREMIUM,-0.36771147712058827,DIV_PREMIUM,mart_characteristics_monthly: value-weighted dividend payer premium from D_PAYER and BE_ME,adapted,False
SWE,2018-08-31,DIV_PREMIUM,-0.4062057102001937,DIV_PREMIUM,mart_characteristics_monthly: value-weighted dividend payer premium from D_PAYER and BE_ME,adapted,False
SWE,2018-09-30,DIV_PREMIUM,-0.4508374545107612,DIV_PREMIUM,mart_characteristics_monthly: value-weighted dividend payer premium from D_PAYER and BE_ME,adapted,False
SWE,2018-10-31,DIV_PREMIUM,-0.49566816337060016,DIV_PREMIUM,mart_characteristics_monthly: value-weighted dividend payer premium from D_PAYER and BE_ME,adapted,False
SWE,2018-11-30,DIV_PREMIUM,-0.4332590855720806,DIV_PREMIUM,mart_characteristics_monthly: value-weighted dividend payer premium from D_PAYER and BE_ME,adapted,False
SWE,2018-12-31,DIV_PREMIUM,-0.5718352203833774,DIV_PREMIUM,mart_characteristics_monthly: value-weighted dividend payer premium from D_PAYER and BE_ME,adapted,False
SWE,2019-01-31,DIV_PREMIUM,-0.5624774333084384,DIV_PREMIUM,mart_characteristics_monthly: value-weighted dividend payer premium from D_PAYER and BE_ME,adapted,False
SWE,2019-02-28,DIV_PREMIUM,-0.5592755405320715,DIV_PREMIUM,mart_characteristics_monthly: value-weighted dividend payer premium from D_PAYER and BE_ME,adapted,False
SWE,2019-03-31,DIV_PREMIUM,-0.5759925950145361,DIV_PREMIUM,mart_characteristics_monthly: value-weighted dividend payer premium from D_PAYER and BE_ME,adapted,False
SWE,2019-04-30,DIV_PREMIUM,-0.4034524145135001,DIV_PREMIUM,mart_characteristics_monthly: value-weighted dividend payer premium from D_PAYER and BE_ME,adapted,False
SWE,2019-05-31,DIV_PREMIUM,-0.44838349204614514,DIV_PREMIUM,mart_characteristics_monthly: value-weighted dividend payer premium from D_PAYER and BE_ME,adapted,False
SWE,2019-06-30,DIV_PREMIUM,-0.35233606410404716,DIV_PREMIUM,mart_characteristics_monthly: value-weighted dividend payer premium from D_PAYER and BE_ME,adapted,False
SWE,2019-07-31,DIV_PREMIUM,-0.4805581859906398,DIV_PREMIUM,mart_characteristics_monthly: value-weighted dividend payer premium from D_PAYER and BE_ME,adapted,False
SWE,2019-08-31,DIV_PREMIUM,-0.46757544977725063,DIV_PREMIUM,mart_characteristics_monthly: value-weighted dividend payer premium from D_PAYER and BE_ME,adapted,False
SWE,2019-09-30,DIV_PREMIUM,-0.3225363333269604,DIV_PREMIUM,mart_characteristics_monthly: value-weighted dividend payer premium from D_PAYER and BE_ME,adapted,False
SWE,2019-10-31,DIV_PREMIUM,-0.2978232086145691,DIV_PREMIUM,mart_characteristics_monthly: value-weighted dividend payer premium from D_PAYER and BE_ME,adapted,False
SWE,2019-11-30,DIV_PREMIUM,-0.2506534648328649,DIV_PREMIUM,mart_characteristics_monthly: value-weighted dividend payer premium from D_PAYER and BE_ME,adapted,False
SWE,2019-12-31,DIV_PREMIUM,-0.30049137544586024,DIV_PREMIUM,mart_characteristics_monthly: value-weighted dividend payer premium from D_PAYER and BE_ME,adapted,False
SWE,2020-01-31,DIV_PREMIUM,-0.30481143383291354,DIV_PREMIUM,mart_characteristics_monthly: value-weighted dividend payer premium from D_PAYER and BE_ME,adapted,False
SWE,2020-02-29,DIV_PREMIUM,-1.2527977039506277,DIV_PREMIUM,mart_characteristics_monthly: value-weighted dividend payer premium from D_PAYER and BE_ME,adapted,False
SWE,2020-03-31,DIV_PREMIUM,-1.2899891366230483,DIV_PREMIUM,mart_characteristics_monthly: value-weighted dividend payer premium from D_PAYER and BE_ME,adapted,False
SWE,2020-04-30,DIV_PREMIUM,-1.4223906622186946,DIV_PREMIUM,mart_characteristics_monthly: value-weighted dividend payer premium from D_PAYER and BE_ME,adapted,False
SWE,2020-05-31,DIV_PREMIUM,-1.115814450807929,DIV_PREMIUM,mart_characteristics_monthly: value-weighted dividend payer premium from D_PAYER and BE_ME,adapted,False
SWE,2020-06-30,DIV_PREMIUM,-1.076580000689701,DIV_PREMIUM,mart_characteristics_monthly: value-weighted dividend payer premium from D_PAYER and BE_ME,adapted,False
SWE,2020-07-31,DIV_PREMIUM,-1.2213014496241386,DIV_PREMIUM,mart_characteristics_monthly: value-weighted dividend payer premium from D_PAYER and BE_ME,adapted,False
SWE,2020-08-31,DIV_PREMIUM,0.3654891098310362,DIV_PREMIUM,mart_characteristics_monthly: value-weighted dividend payer premium from D_PAYER and BE_ME,adapted,False
SWE,2020-09-30,DIV_PREMIUM,0.15378090096935892,DIV_PREMIUM,mart_characteristics_monthly: value-weighted dividend payer premium from D_PAYER and BE_ME,adapted,False
SWE,2020-10-31,DIV_PREMIUM,0.1596984323851245,DIV_PREMIUM,mart_characteristics_monthly: value-weighted dividend payer premium from D_PAYER and BE_ME,adapted,False
SWE,2020-11-30,DIV_PREMIUM,0.1283801127217572,DIV_PREMIUM,mart_characteristics_monthly: value-weighted dividend payer premium from D_PAYER and BE_ME,adapted,False
SWE,2020-12-31,DIV_PREMIUM,0.17854075144041825,DIV_PREMIUM,mart_characteristics_monthly: value-weighted dividend payer premium from D_PAYER and BE_ME,adapted,False
SWE,2021-01-31,DIV_PREMIUM,0.1338139832354206,DIV_PREMIUM,mart_characteristics_monthly: value-weighted dividend payer premium from D_PAYER and BE_ME,adapted,False
SWE,2021-02-28,DIV_PREMIUM,0.16126697326278938,DIV_PREMIUM,mart_characteristics_monthly: value-weighted dividend payer premium from D_PAYER and BE_ME,adapted,False
SWE,2021-03-31,DIV_PREMIUM,0.45648580102043645,DIV_PREMIUM,mart_characteristics_monthly: value-weighted dividend payer premium from D_PAYER and BE_ME,adapted,False
SWE,2021-04-30,DIV_PREMIUM,0.6717646736428491,DIV_PREMIUM,mart_characteristics_monthly: value-weighted dividend payer premium from D_PAYER and BE_ME,adapted,False
SWE,2021-05-31,DIV_PREMIUM,0.7399823909489176,DIV_PREMIUM,mart_characteristics_monthly: value-weighted dividend payer premium from D_PAYER and BE_ME,adapted,False
SWE,2021-06-30,DIV_PREMIUM,0.7527394722133742,DIV_PREMIUM,mart_characteristics_monthly: value-weighted dividend payer premium from D_PAYER and BE_ME,adapted,False
SWE,2021-07-31,DIV_PREMIUM,0.8288188871136661,DIV_PREMIUM,mart_characteristics_monthly: value-weighted dividend payer premium from D_PAYER and BE_ME,adapted,False
SWE,2021-08-31,DIV_PREMIUM,0.8377692345968037,DIV_PREMIUM,mart_characteristics_monthly: value-weighted dividend payer premium from D_PAYER and BE_ME,adapted,False
SWE,2021-09-30,DIV_PREMIUM,0.8254384066491938,DIV_PREMIUM,mart_characteristics_monthly: value-weighted dividend payer premium from D_PAYER and BE_ME,adapted,False
SWE,2021-10-31,DIV_PREMIUM,0.8150979286109556,DIV_PREMIUM,mart_characteristics_monthly: value-weighted dividend payer premium from D_PAYER and BE_ME,adapted,False
SWE,2021-11-30,DIV_PREMIUM,0.5797687750997553,DIV_PREMIUM,mart_characteristics_monthly: value-weighted dividend payer premium from D_PAYER and BE_ME,adapted,False
SWE,2021-12-31,DIV_PREMIUM,0.8512499911103095,DIV_PREMIUM,mart_characteristics_monthly: value-weighted dividend payer premium from D_PAYER and BE_ME,adapted,False
SWE,2022-01-31,DIV_PREMIUM,0.5184387966772239,DIV_PREMIUM,mart_characteristics_monthly: value-weighted dividend payer premium from D_PAYER and BE_ME,adapted,False
SWE,2022-02-28,DIV_PREMIUM,0.49120726626104405,DIV_PREMIUM,mart_characteristics_monthly: value-weighted dividend payer premium from D_PAYER and BE_ME,adapted,False
SWE,2022-03-31,DIV_PREMIUM,0.45195555197729465,DIV_PREMIUM,mart_characteristics_monthly: value-weighted dividend payer premium from D_PAYER and BE_ME,adapted,False
SWE,2022-04-30,DIV_PREMIUM,0.39654185339754755,DIV_PREMIUM,mart_characteristics_monthly: value-weighted dividend payer premium from D_PAYER and BE_ME,adapted,False
SWE,2022-05-31,DIV_PREMIUM,0.617173281835927,DIV_PREMIUM,mart_characteristics_monthly: value-weighted dividend payer premium from D_PAYER and BE_ME,adapted,False
SWE,2022-06-30,DIV_PREMIUM,0.6011785682006288,DIV_PREMIUM,mart_characteristics_monthly: value-weighted dividend payer premium from D_PAYER and BE_ME,adapted,False
SWE,2022-07-31,DIV_PREMIUM,0.5395359294087634,DIV_PREMIUM,mart_characteristics_monthly: value-weighted dividend payer premium from D_PAYER and BE_ME,adapted,False
SWE,2022-08-31,DIV_PREMIUM,0.5271763930857254,DIV_PREMIUM,mart_characteristics_monthly: value-weighted dividend payer premium from D_PAYER and BE_ME,adapted,False
SWE,2022-09-30,DIV_PREMIUM,0.5389893089456028,DIV_PREMIUM,mart_characteristics_monthly: value-weighted dividend payer premium from D_PAYER and BE_ME,adapted,False
SWE,2022-10-31,DIV_PREMIUM,0.374085423990254,DIV_PREMIUM,mart_characteristics_monthly: value-weighted dividend payer premium from D_PAYER and BE_ME,adapted,False
SWE,2022-11-30,DIV_PREMIUM,0.2947950278969158,DIV_PREMIUM,mart_characteristics_monthly: value-weighted dividend payer premium from D_PAYER and BE_ME,adapted,False
SWE,2022-12-31,DIV_PREMIUM,0.37068809895112786,DIV_PREMIUM,mart_characteristics_monthly: value-weighted dividend payer premium from D_PAYER and BE_ME,adapted,False
SWE,2023-01-31,DIV_PREMIUM,0.3773956201007851,DIV_PREMIUM,mart_characteristics_monthly: value-weighted dividend payer premium from D_PAYER and BE_ME,adapted,False
SWE,2023-02-28,DIV_PREMIUM,0.4800848685196548,DIV_PREMIUM,mart_characteristics_monthly: value-weighted dividend payer premium from D_PAYER and BE_ME,adapted,False
SWE,2023-03-31,DIV_PREMIUM,0.5479148329033596,DIV_PREMIUM,mart_characteristics_monthly: value-weighted dividend payer premium from D_PAYER and BE_ME,adapted,False
SWE,2023-04-30,DIV_PREMIUM,0.36491432533663226,DIV_PREMIUM,mart_characteristics_monthly: value-weighted dividend payer premium from D_PAYER and BE_ME,adapted,False
SWE,2023-05-31,DIV_PREMIUM,0.48771812858208463,DIV_PREMIUM,mart_characteristics_monthly: value-weighted dividend payer premium from D_PAYER and BE_ME,adapted,False
SWE,2023-06-30,DIV_PREMIUM,0.5640922718111983,DIV_PREMIUM,mart_characteristics_monthly: value-weighted dividend payer premium from D_PAYER and BE_ME,adapted,False
SWE,2023-07-31,DIV_PREMIUM,0.5705374310174831,DIV_PREMIUM,mart_characteristics_monthly: value-weighted dividend payer premium from D_PAYER and BE_ME,adapted,False
SWE,2023-08-31,DIV_PREMIUM,0.4251113428128428,DIV_PREMIUM,mart_characteristics_monthly: value-weighted dividend payer premium from D_PAYER and BE_ME,adapted,False
SWE,2023-09-30,DIV_PREMIUM,0.48709559153619697,DIV_PREMIUM,mart_characteristics_monthly: value-weighted dividend payer premium from D_PAYER and BE_ME,adapted,False
SWE,2023-10-31,DIV_PREMIUM,0.507685793467632,DIV_PREMIUM,mart_characteristics_monthly: value-weighted dividend payer premium from D_PAYER and BE_ME,adapted,False
SWE,2023-11-30,DIV_PREMIUM,0.5763700231170714,DIV_PREMIUM,mart_characteristics_monthly: value-weighted dividend payer premium from D_PAYER and BE_ME,adapted,False
SWE,2023-12-31,DIV_PREMIUM,0.5481376243689944,DIV_PREMIUM,mart_characteristics_monthly: value-weighted dividend payer premium from D_PAYER and BE_ME,adapted,False
SWE,2024-01-31,DIV_PREMIUM,0.5353893213520908,DIV_PREMIUM,mart_characteristics_monthly: value-weighted dividend payer premium from D_PAYER and BE_ME,adapted,False
SWE,2024-02-29,DIV_PREMIUM,0.594924965476914,DIV_PREMIUM,mart_characteristics_monthly: value-weighted dividend payer premium from D_PAYER and BE_ME,adapted,False
SWE,2024-03-31,DIV_PREMIUM,0.5215896551077539,DIV_PREMIUM,mart_characteristics_monthly: value-weighted dividend payer premium from D_PAYER and BE_ME,adapted,False
SWE,2024-04-30,DIV_PREMIUM,0.6408361787209003,DIV_PREMIUM,mart_characteristics_monthly: value-weighted dividend payer premium from D_PAYER and BE_ME,adapted,False
SWE,2024-05-31,DIV_PREMIUM,0.5842138138534301,DIV_PREMIUM,mart_characteristics_monthly: value-weighted dividend payer premium from D_PAYER and BE_ME,adapted,False
SWE,2024-06-30,DIV_PREMIUM,0.43884165194709457,DIV_PREMIUM,mart_characteristics_monthly: value-weighted dividend payer premium from D_PAYER and BE_ME,adapted,False
SWE,2024-07-31,DIV_PREMIUM,0.40720059137459086,DIV_PREMIUM,mart_characteristics_monthly: value-weighted dividend payer premium from D_PAYER and BE_ME,adapted,False
SWE,2024-08-31,DIV_PREMIUM,0.41953906397253893,DIV_PREMIUM,mart_characteristics_monthly: value-weighted dividend payer premium from D_PAYER and BE_ME,adapted,False
SWE,2024-09-30,DIV_PREMIUM,0.3988601179117359,DIV_PREMIUM,mart_characteristics_monthly: value-weighted dividend payer premium from D_PAYER and BE_ME,adapted,False
SWE,2024-10-31,DIV_PREMIUM,0.3634043090573944,DIV_PREMIUM,mart_characteristics_monthly: value-weighted dividend payer premium from D_PAYER and BE_ME,adapted,False
SWE,2024-11-30,DIV_PREMIUM,0.4311757956711699,DIV_PREMIUM,mart_characteristics_monthly: value-weighted dividend payer premium from D_PAYER and BE_ME,adapted,False
SWE,2024-12-31,DIV_PREMIUM,0.38446167645085216,DIV_PREMIUM,mart_characteristics_monthly: value-weighted dividend payer premium from D_PAYER and BE_ME,adapted,False
SWE,2025-01-31,DIV_PREMIUM,0.4617503193518766,DIV_PREMIUM,mart_characteristics_monthly: value-weighted dividend payer premium from D_PAYER and BE_ME,adapted,False
SWE,2025-02-28,DIV_PREMIUM,0.374082333469721,DIV_PREMIUM,mart_characteristics_monthly: value-weighted dividend payer premium from D_PAYER and BE_ME,adapted,False
SWE,2025-03-31,DIV_PREMIUM,0.3488237619968284,DIV_PREMIUM,mart_characteristics_monthly: value-weighted dividend payer premium from D_PAYER and BE_ME,adapted,False
SWE,2025-04-30,DIV_PREMIUM,0.32609266743160603,DIV_PREMIUM,mart_characteristics_monthly: value-weighted dividend payer premium from D_PAYER and BE_ME,adapted,False
SWE,2025-05-31,DIV_PREMIUM,0.22534334082738505,DIV_PREMIUM,mart_characteristics_monthly: value-weighted dividend payer premium from D_PAYER and BE_ME,adapted,False
SWE,2025-06-30,DIV_PREMIUM,0.2752593810418682,DIV_PREMIUM,mart_characteristics_monthly: value-weighted dividend payer premium from D_PAYER and BE_ME,adapted,False
SWE,2025-07-31,DIV_PREMIUM,0.46949375766635515,DIV_PREMIUM,mart_characteristics_monthly: value-weighted dividend payer premium from D_PAYER and BE_ME,adapted,False
SWE,2025-08-31,DIV_PREMIUM,0.47458169173247233,DIV_PREMIUM,mart_characteristics_monthly: value-weighted dividend payer premium from D_PAYER and BE_ME,adapted,False
SWE,2025-09-30,DIV_PREMIUM,0.5167484553346482,DIV_PREMIUM,mart_characteristics_monthly: value-weighted dividend payer premium from D_PAYER and BE_ME,adapted,False
SWE,2025-10-31,DIV_PREMIUM,0.637882056573795,DIV_PREMIUM,mart_characteristics_monthly: value-weighted dividend payer premium from D_PAYER and BE_ME,adapted,False
SWE,2025-11-30,DIV_PREMIUM,0.6203837579455123,DIV_PREMIUM,mart_characteristics_monthly: value-weighted dividend payer premium from D_PAYER and BE_ME,adapted,False
SWE,2025-12-31,DIV_PREMIUM,0.6772959885717436,DIV_PREMIUM,mart_characteristics_monthly: value-weighted dividend payer premium from D_PAYER and BE_ME,adapted,False
